{
  "accuracy": [
    0.29302477836608887,
    0.48989570140838623,
    0.5658409595489502,
    0.5889830589294434,
    0.6205997467041016,
    0.6222294569015503,
    0.6554758548736572,
    0.6613429188728333,
    0.6685137152671814,
    0.6701434254646301,
    0.6812255382537842,
    0.6890482306480408,
    0.7027379274368286,
    0.6991525292396545,
    0.7037158012390137,
    0.7118644118309021,
    0.7033898234367371,
    0.7125163078308105
  ],
  "loss": [
    2.405320644378662,
    1.6385059356689453,
    1.4068628549575806,
    1.2917838096618652,
    1.1931912899017334,
    1.1591603755950928,
    1.100650668144226,
    1.0407456159591675,
    1.0143777132034302,
    0.9968417882919312,
    0.9741631746292114,
    0.943062961101532,
    0.8898196816444397,
    0.9044536352157593,
    0.8981912136077881,
    0.8616911768913269,
    0.8795444369316101,
    0.8621379137039185
  ],
  "val_accuracy": [
    0.662756621837616,
    0.7184750437736511,
    0.7653958797454834,
    0.774193525314331,
    0.7947214245796204,
    0.803519070148468,
    0.8093841671943665,
    0.8152492642402649,
    0.8152492642402649,
    0.8211143612861633,
    0.8181818127632141,
    0.8152492642402649,
    0.8240469098091125,
    0.8211143612861633,
    0.8152492642402649,
    0.8064516186714172,
    0.8211143612861633,
    0.8211143612861633
  ],
  "val_loss": [
    1.2539088726043701,
    0.8854663372039795,
    0.7422638535499573,
    0.6716387867927551,
    0.6264136433601379,
    0.6145314574241638,
    0.5817452669143677,
    0.5559143424034119,
    0.5739920139312744,
    0.546317994594574,
    0.5395151972770691,
    0.5448464155197144,
    0.5236760973930359,
    0.5375590324401855,
    0.5435476899147034,
    0.5438555479049683,
    0.5264869928359985,
    0.5260993242263794
  ],
  "learning_rate": [
    9.999999747378752e-05,
    9.999999747378752e-05,
    9.999999747378752e-05,
    9.999999747378752e-05,
    9.999999747378752e-05,
    9.999999747378752e-05,
    9.999999747378752e-05,
    9.999999747378752e-05,
    9.999999747378752e-05,
    9.999999747378752e-05,
    9.999999747378752e-05,
    9.999999747378752e-05,
    9.999999747378752e-05,
    9.999999747378752e-05,
    9.999999747378752e-05,
    9.999999747378752e-05,
    1.9999999494757503e-05,
    1.9999999494757503e-05
  ]
}