{
  "accuracy": [
    0.29302477836608887,
    0.48989570140838623,
    0.5658409595489502,
    0.5889830589294434,
    0.6205997467041016,
    0.6222294569015503,
    0.6554758548736572,
    0.6613429188728333,
    0.6685137152671814,
    0.6701434254646301,
    0.6812255382537842,
    0.6890482306480408,
    0.7027379274368286,
    0.6985006332397461,
    0.7040417194366455,
    0.7121903300285339,
    0.7030639052391052,
    0.7134941220283508
  ],
  "loss": [
    2.405320644378662,
    1.6385061740875244,
    1.4068623781204224,
    1.2917836904525757,
    1.1931912899017334,
    1.1591603755950928,
    1.100650668144226,
    1.0407456159591675,
    1.0143775939941406,
    0.9968419075012207,
    0.9741631746292114,
    0.9430657625198364,
    0.8898443579673767,
    0.9044018387794495,
    0.8985055088996887,
    0.861929714679718,
    0.8798806071281433,
    0.8617565631866455
  ],
  "val_accuracy": [
    0.662756621837616,
    0.7184750437736511,
    0.7653958797454834,
    0.774193525314331,
    0.7947214245796204,
    0.803519070148468,
    0.8093841671943665,
    0.8152492642402649,
    0.8152492642402649,
    0.8211143612861633,
    0.8181818127632141,
    0.8152492642402649,
    0.8240469098091125,
    0.8211143612861633,
    0.8181818127632141,
    0.8064516186714172,
    0.8211143612861633,
    0.8211143612861633
  ],
  "val_loss": [
    1.2539089918136597,
    0.885466456413269,
    0.7422637939453125,
    0.6716387867927551,
    0.6264137625694275,
    0.6145315170288086,
    0.5817453861236572,
    0.5559144616127014,
    0.5739920139312744,
    0.5463180541992188,
    0.5395151972770691,
    0.5448488593101501,
    0.5237531661987305,
    0.5380820631980896,
    0.5430459976196289,
    0.543230414390564,
    0.5267226099967957,
    0.5265582799911499
  ],
  "learning_rate": [
    9.999999747378752e-05,
    9.999999747378752e-05,
    9.999999747378752e-05,
    9.999999747378752e-05,
    9.999999747378752e-05,
    9.999999747378752e-05,
    9.999999747378752e-05,
    9.999999747378752e-05,
    9.999999747378752e-05,
    9.999999747378752e-05,
    9.999999747378752e-05,
    9.999999747378752e-05,
    9.999999747378752e-05,
    9.999999747378752e-05,
    9.999999747378752e-05,
    9.999999747378752e-05,
    1.9999999494757503e-05,
    1.9999999494757503e-05
  ]
}